round,url,date,type,invitations_issued,lowest_crs_score
357,https://www.canada.ca/content/canadasite/en/immigration-refugees-citizenship/corporate/mandate/policies-operational-instructions-agreements/ministerial-instructions/express-entry-rounds/invitations.html?q=357,22-Jul-25,Healthcare and social services occupations (Version 2),"4,000",475
356,https://www.canada.ca/content/canadasite/en/immigration-refugees-citizenship/corporate/mandate/policies-operational-instructions-agreements/ministerial-instructions/express-entry-rounds/invitations.html?q=356,21-Jul-25,Provincial Nominee Program,202,788
355,https://www.canada.ca/content/canadasite/en/immigration-refugees-citizenship/corporate/mandate/policies-operational-instructions-agreements/ministerial-instructions/express-entry-rounds/invitations.html?q=355,08-Jul-25,Canadian Experience Class,"3,000",518
354,https://www.canada.ca/content/canadasite/en/immigration-refugees-citizenship/corporate/mandate/policies-operational-instructions-agreements/ministerial-instructions/express-entry-rounds/invitations.html?q=354,07-Jul-25,Provincial Nominee Program,356,750
353,https://www.canada.ca/content/canadasite/en/immigration-refugees-citizenship/corporate/mandate/policies-operational-instructions-agreements/ministerial-instructions/express-entry-rounds/invitations.html?q=353,26-Jun-25,Canadian Experience Class,"3,000",521
352,https://www.canada.ca/content/canadasite/en/immigration-refugees-citizenship/corporate/mandate/policies-operational-instructions-agreements/ministerial-instructions/express-entry-rounds/invitations.html?q=352,23-Jun-25,Provincial Nominee Program,503,742
351,https://www.canada.ca/content/canadasite/en/immigration-refugees-citizenship/corporate/mandate/policies-operational-instructions-agreements/ministerial-instructions/express-entry-rounds/invitations.html?q=351,12-Jun-25,Canadian Experience Class,"3,000",529
350,https://www.canada.ca/content/canadasite/en/immigration-refugees-citizenship/corporate/mandate/policies-operational-instructions-agreements/ministerial-instructions/express-entry-rounds/invitations.html?q=350,10-Jun-25,Provincial Nominee Program,125,784
349,https://www.canada.ca/content/canadasite/en/immigration-refugees-citizenship/corporate/mandate/policies-operational-instructions-agreements/ministerial-instructions/express-entry-rounds/invitations.html?q=349,04-Jun-25,Healthcare and social services occupations (Version 2),500,504
348,https://www.canada.ca/content/canadasite/en/immigration-refugees-citizenship/corporate/mandate/policies-operational-instructions-agreements/ministerial-instructions/express-entry-rounds/invitations.html?q=348,02-Jun-25,Provincial Nominee Program,277,726
347,https://www.canada.ca/content/canadasite/en/immigration-refugees-citizenship/corporate/mandate/policies-operational-instructions-agreements/ministerial-instructions/express-entry-rounds/invitations.html?q=347,13-May-25,Canadian Experience Class,500,547
346,https://www.canada.ca/content/canadasite/en/immigration-refugees-citizenship/corporate/mandate/policies-operational-instructions-agreements/ministerial-instructions/express-entry-rounds/invitations.html?q=346,12-May-25,Provincial Nominee Program,511,706
345,https://www.canada.ca/content/canadasite/en/immigration-refugees-citizenship/corporate/mandate/policies-operational-instructions-agreements/ministerial-instructions/express-entry-rounds/invitations.html?q=345,02-May-25,Healthcare and social services occupations (Version 2),500,510
344,https://www.canada.ca/content/canadasite/en/immigration-refugees-citizenship/corporate/mandate/policies-operational-instructions-agreements/ministerial-instructions/express-entry-rounds/invitations.html?q=344,01-May-25,Education occupations (Version 1),"1,000",479
343,https://www.canada.ca/content/canadasite/en/immigration-refugees-citizenship/corporate/mandate/policies-operational-instructions-agreements/ministerial-instructions/express-entry-rounds/invitations.html?q=343,28-Apr-25,Provincial Nominee Program,421,727
342,https://www.canada.ca/content/canadasite/en/immigration-refugees-citizenship/corporate/mandate/policies-operational-instructions-agreements/ministerial-instructions/express-entry-rounds/invitations.html?q=342,14-Apr-25,Provincial Nominee Program,825,764
341,https://www.canada.ca/content/canadasite/en/immigration-refugees-citizenship/corporate/mandate/policies-operational-instructions-agreements/ministerial-instructions/express-entry-rounds/invitations.html?q=341,21-Mar-25,French language proficiency (Version 1),"7,500",379
340,https://www.canada.ca/content/canadasite/en/immigration-refugees-citizenship/corporate/mandate/policies-operational-instructions-agreements/ministerial-instructions/express-entry-rounds/invitations.html?q=340,17-Mar-25,Provincial Nominee Program,536,736
339,https://www.canada.ca/content/canadasite/en/immigration-refugees-citizenship/corporate/mandate/policies-operational-instructions-agreements/ministerial-instructions/express-entry-rounds/invitations.html?q=339,06-Mar-25,French language proficiency (Version 1),"4,500",410
338,https://www.canada.ca/content/canadasite/en/immigration-refugees-citizenship/corporate/mandate/policies-operational-instructions-agreements/ministerial-instructions/express-entry-rounds/invitations.html?q=338,03-Mar-25,Provincial Nominee Program,725,667
337,https://www.canada.ca/content/canadasite/en/immigration-refugees-citizenship/corporate/mandate/policies-operational-instructions-agreements/ministerial-instructions/express-entry-rounds/invitations.html?q=337,19-Feb-25,French language proficiency (Version 1),"6,500",428
336,https://www.canada.ca/content/canadasite/en/immigration-refugees-citizenship/corporate/mandate/policies-operational-instructions-agreements/ministerial-instructions/express-entry-rounds/invitations.html?q=336,17-Feb-25,Provincial Nominee Program,646,750
335,https://www.canada.ca/content/canadasite/en/immigration-refugees-citizenship/corporate/mandate/policies-operational-instructions-agreements/ministerial-instructions/express-entry-rounds/invitations.html?q=335,05-Feb-25,Canadian Experience Class,"4,000",521
334,https://www.canada.ca/content/canadasite/en/immigration-refugees-citizenship/corporate/mandate/policies-operational-instructions-agreements/ministerial-instructions/express-entry-rounds/invitations.html?q=334,04-Feb-25,Provincial Nominee Program,455,802
333,https://www.canada.ca/content/canadasite/en/immigration-refugees-citizenship/corporate/mandate/policies-operational-instructions-agreements/ministerial-instructions/express-entry-rounds/invitations.html?q=333,23-Jan-25,Canadian Experience Class,"4,000",527
332,https://www.canada.ca/content/canadasite/en/immigration-refugees-citizenship/corporate/mandate/policies-operational-instructions-agreements/ministerial-instructions/express-entry-rounds/invitations.html?q=332,08-Jan-25,Canadian Experience Class,"1,350",542
331,https://www.canada.ca/content/canadasite/en/immigration-refugees-citizenship/corporate/mandate/policies-operational-instructions-agreements/ministerial-instructions/express-entry-rounds/invitations.html?q=331,07-Jan-25,Provincial Nominee Program,471,793
330,https://www.canada.ca/content/canadasite/en/immigration-refugees-citizenship/corporate/mandate/policies-operational-instructions-agreements/ministerial-instructions/express-entry-rounds/invitations.html?q=330,16-Dec-24,Provincial Nominee Program,"1,085",727
329,https://www.canada.ca/content/canadasite/en/immigration-refugees-citizenship/corporate/mandate/policies-operational-instructions-agreements/ministerial-instructions/express-entry-rounds/invitations.html?q=329,03-Dec-24,French language proficiency (Version 1),800,466
328,https://www.canada.ca/content/canadasite/en/immigration-refugees-citizenship/corporate/mandate/policies-operational-instructions-agreements/ministerial-instructions/express-entry-rounds/invitations.html?q=328,02-Dec-24,Provincial Nominee Program,676,705
327,https://www.canada.ca/content/canadasite/en/immigration-refugees-citizenship/corporate/mandate/policies-operational-instructions-agreements/ministerial-instructions/express-entry-rounds/invitations.html?q=327,20-Nov-24,Healthcare occupations (Version 1),"3,000",463
326,https://www.canada.ca/content/canadasite/en/immigration-refugees-citizenship/corporate/mandate/policies-operational-instructions-agreements/ministerial-instructions/express-entry-rounds/invitations.html?q=326,19-Nov-24,Canadian Experience Class,400,539
325,https://www.canada.ca/content/canadasite/en/immigration-refugees-citizenship/corporate/mandate/policies-operational-instructions-agreements/ministerial-instructions/express-entry-rounds/invitations.html?q=325,18-Nov-24,Provincial Nominee Program,174,816
324,https://www.canada.ca/content/canadasite/en/immigration-refugees-citizenship/corporate/mandate/policies-operational-instructions-agreements/ministerial-instructions/express-entry-rounds/invitations.html?q=324,15-Nov-24,French language proficiency (Version 1),800,478
323,https://www.canada.ca/content/canadasite/en/immigration-refugees-citizenship/corporate/mandate/policies-operational-instructions-agreements/ministerial-instructions/express-entry-rounds/invitations.html?q=323,13-Nov-24,Canadian Experience Class,400,547
322,https://www.canada.ca/content/canadasite/en/immigration-refugees-citizenship/corporate/mandate/policies-operational-instructions-agreements/ministerial-instructions/express-entry-rounds/invitations.html?q=322,12-Nov-24,Provincial Nominee Program,733,812
321,https://www.canada.ca/content/canadasite/en/immigration-refugees-citizenship/corporate/mandate/policies-operational-instructions-agreements/ministerial-instructions/express-entry-rounds/invitations.html?q=321,23-Oct-24,Trade occupations (Version 1),"1,800",433
320,https://www.canada.ca/content/canadasite/en/immigration-refugees-citizenship/corporate/mandate/policies-operational-instructions-agreements/ministerial-instructions/express-entry-rounds/invitations.html?q=320,22-Oct-24,Canadian Experience Class,400,539
319,https://www.canada.ca/content/canadasite/en/immigration-refugees-citizenship/corporate/mandate/policies-operational-instructions-agreements/ministerial-instructions/express-entry-rounds/invitations.html?q=319,21-Oct-24,Provincial Nominee Program,648,791
318,https://www.canada.ca/content/canadasite/en/immigration-refugees-citizenship/corporate/mandate/policies-operational-instructions-agreements/ministerial-instructions/express-entry-rounds/invitations.html?q=318,10-Oct-24,French language proficiency (Version 1),"1,000",444
317,https://www.canada.ca/content/canadasite/en/immigration-refugees-citizenship/corporate/mandate/policies-operational-instructions-agreements/ministerial-instructions/express-entry-rounds/invitations.html?q=317,09-Oct-24,Canadian Experience Class,500,539
316,https://www.canada.ca/content/canadasite/en/immigration-refugees-citizenship/corporate/mandate/policies-operational-instructions-agreements/ministerial-instructions/express-entry-rounds/invitations.html?q=316,07-Oct-24,Provincial Nominee Program,"1,613",743
315,https://www.canada.ca/content/canadasite/en/immigration-refugees-citizenship/corporate/mandate/policies-operational-instructions-agreements/ministerial-instructions/express-entry-rounds/invitations.html?q=315,19-Sep-24,Canadian Experience Class,"4,000",509
314,https://www.canada.ca/content/canadasite/en/immigration-refugees-citizenship/corporate/mandate/policies-operational-instructions-agreements/ministerial-instructions/express-entry-rounds/invitations.html?q=314,13-Sep-24,French language proficiency (Version 1),"1,000",446
313,https://www.canada.ca/content/canadasite/en/immigration-refugees-citizenship/corporate/mandate/policies-operational-instructions-agreements/ministerial-instructions/express-entry-rounds/invitations.html?q=313,09-Sep-24,Provincial Nominee Program,911,732
312,https://www.canada.ca/content/canadasite/en/immigration-refugees-citizenship/corporate/mandate/policies-operational-instructions-agreements/ministerial-instructions/express-entry-rounds/invitations.html?q=312,27-Aug-24,Canadian Experience Class,"3,300",507
311,https://www.canada.ca/content/canadasite/en/immigration-refugees-citizenship/corporate/mandate/policies-operational-instructions-agreements/ministerial-instructions/express-entry-rounds/invitations.html?q=311,26-Aug-24,Provincial Nominee Program,"1,121",694
310,https://www.canada.ca/content/canadasite/en/immigration-refugees-citizenship/corporate/mandate/policies-operational-instructions-agreements/ministerial-instructions/express-entry-rounds/invitations.html?q=310,15-Aug-24,French language proficiency (Version 1),"2,000",394
309,https://www.canada.ca/content/canadasite/en/immigration-refugees-citizenship/corporate/mandate/policies-operational-instructions-agreements/ministerial-instructions/express-entry-rounds/invitations.html?q=309,14-Aug-24,Canadian Experience Class,"3,200",509
308,https://www.canada.ca/content/canadasite/en/immigration-refugees-citizenship/corporate/mandate/policies-operational-instructions-agreements/ministerial-instructions/express-entry-rounds/invitations.html?q=308,13-Aug-24,Provincial Nominee Program,763,690
307,https://www.canada.ca/content/canadasite/en/immigration-refugees-citizenship/corporate/mandate/policies-operational-instructions-agreements/ministerial-instructions/express-entry-rounds/invitations.html?q=307,31-Jul-24,Canadian Experience Class,"5,000",510
306,https://www.canada.ca/content/canadasite/en/immigration-refugees-citizenship/corporate/mandate/policies-operational-instructions-agreements/ministerial-instructions/express-entry-rounds/invitations.html?q=306,30-Jul-24,Provincial Nominee Program,964,686
305,https://www.canada.ca/content/canadasite/en/immigration-refugees-citizenship/corporate/mandate/policies-operational-instructions-agreements/ministerial-instructions/express-entry-rounds/invitations.html?q=305,18-Jul-24,French language proficiency (Version 1),"1,800",400
304,https://www.canada.ca/content/canadasite/en/immigration-refugees-citizenship/corporate/mandate/policies-operational-instructions-agreements/ministerial-instructions/express-entry-rounds/invitations.html?q=304,17-Jul-24,Canadian Experience Class,"6,300",515
303,https://www.canada.ca/content/canadasite/en/immigration-refugees-citizenship/corporate/mandate/policies-operational-instructions-agreements/ministerial-instructions/express-entry-rounds/invitations.html?q=303,16-Jul-24,Provincial Nominee Program,"1,391",670
302,https://www.canada.ca/content/canadasite/en/immigration-refugees-citizenship/corporate/mandate/policies-operational-instructions-agreements/ministerial-instructions/express-entry-rounds/invitations.html?q=302,08-Jul-24,French language proficiency (Version 1),"3,200",420
301,https://www.canada.ca/content/canadasite/en/immigration-refugees-citizenship/corporate/mandate/policies-operational-instructions-agreements/ministerial-instructions/express-entry-rounds/invitations.html?q=301,05-Jul-24,Healthcare occupations (Version 1),"3,750",445
300,https://www.canada.ca/content/canadasite/en/immigration-refugees-citizenship/corporate/mandate/policies-operational-instructions-agreements/ministerial-instructions/express-entry-rounds/invitations.html?q=300,04-Jul-24,Trade occupations (Version 1),"1,800",436
299,https://www.canada.ca/content/canadasite/en/immigration-refugees-citizenship/corporate/mandate/policies-operational-instructions-agreements/ministerial-instructions/express-entry-rounds/invitations.html?q=299,02-Jul-24,Provincial Nominee Program,920,739
298,https://www.canada.ca/content/canadasite/en/immigration-refugees-citizenship/corporate/mandate/policies-operational-instructions-agreements/ministerial-instructions/express-entry-rounds/invitations.html?q=298,19-Jun-24,Provincial Nominee Program,"1,499",663
297,https://www.canada.ca/content/canadasite/en/immigration-refugees-citizenship/corporate/mandate/policies-operational-instructions-agreements/ministerial-instructions/express-entry-rounds/invitations.html?q=297,31-May-24,Canadian Experience Class,"3,000",522
296,https://www.canada.ca/content/canadasite/en/immigration-refugees-citizenship/corporate/mandate/policies-operational-instructions-agreements/ministerial-instructions/express-entry-rounds/invitations.html?q=296,30-May-24,Provincial Nominee Program,"2,985",676
295,https://www.canada.ca/content/canadasite/en/immigration-refugees-citizenship/corporate/mandate/policies-operational-instructions-agreements/ministerial-instructions/express-entry-rounds/invitations.html?q=295,24-Apr-24,French language proficiency (Version 1),"1,400",410
294,https://www.canada.ca/content/canadasite/en/immigration-refugees-citizenship/corporate/mandate/policies-operational-instructions-agreements/ministerial-instructions/express-entry-rounds/invitations.html?q=294,23-Apr-24,General,"2,095",529
293,https://www.canada.ca/content/canadasite/en/immigration-refugees-citizenship/corporate/mandate/policies-operational-instructions-agreements/ministerial-instructions/express-entry-rounds/invitations.html?q=293,11-Apr-24,STEM occupations (Version 1),"4,500",491
292,https://www.canada.ca/content/canadasite/en/immigration-refugees-citizenship/corporate/mandate/policies-operational-instructions-agreements/ministerial-instructions/express-entry-rounds/invitations.html?q=292,10-Apr-24,General,"1,280",549
291,https://www.canada.ca/content/canadasite/en/immigration-refugees-citizenship/corporate/mandate/policies-operational-instructions-agreements/ministerial-instructions/express-entry-rounds/invitations.html?q=291,26-Mar-24,French language proficiency (Version 1),"1,500",388
290,https://www.canada.ca/content/canadasite/en/immigration-refugees-citizenship/corporate/mandate/policies-operational-instructions-agreements/ministerial-instructions/express-entry-rounds/invitations.html?q=290,25-Mar-24,General,"1,980",524
289,https://www.canada.ca/content/canadasite/en/immigration-refugees-citizenship/corporate/mandate/policies-operational-instructions-agreements/ministerial-instructions/express-entry-rounds/invitations.html?q=289,13-Mar-24,Transport occupations (Version 1),975,430
288,https://www.canada.ca/content/canadasite/en/immigration-refugees-citizenship/corporate/mandate/policies-operational-instructions-agreements/ministerial-instructions/express-entry-rounds/invitations.html?q=288,12-Mar-24,General,"2,850",525
287,https://www.canada.ca/content/canadasite/en/immigration-refugees-citizenship/corporate/mandate/policies-operational-instructions-agreements/ministerial-instructions/express-entry-rounds/invitations.html?q=287,29-Feb-24,French language proficiency (Version 1),"2,500",336
286,https://www.canada.ca/content/canadasite/en/immigration-refugees-citizenship/corporate/mandate/policies-operational-instructions-agreements/ministerial-instructions/express-entry-rounds/invitations.html?q=286,28-Feb-24,General,"1,470",534
285,https://www.canada.ca/content/canadasite/en/immigration-refugees-citizenship/corporate/mandate/policies-operational-instructions-agreements/ministerial-instructions/express-entry-rounds/invitations.html?q=285,16-Feb-24,Agriculture and agri-food occupations (Version 1),150,437
284,https://www.canada.ca/content/canadasite/en/immigration-refugees-citizenship/corporate/mandate/policies-operational-instructions-agreements/ministerial-instructions/express-entry-rounds/invitations.html?q=284,14-Feb-24,Healthcare occupations (Version 1),"3,500",422
283,https://www.canada.ca/content/canadasite/en/immigration-refugees-citizenship/corporate/mandate/policies-operational-instructions-agreements/ministerial-instructions/express-entry-rounds/invitations.html?q=283,13-Feb-24,General,"1,490",535
282,https://www.canada.ca/content/canadasite/en/immigration-refugees-citizenship/corporate/mandate/policies-operational-instructions-agreements/ministerial-instructions/express-entry-rounds/invitations.html?q=282,01-Feb-24,French language proficiency (Version 1),"7,000",365
281,https://www.canada.ca/content/canadasite/en/immigration-refugees-citizenship/corporate/mandate/policies-operational-instructions-agreements/ministerial-instructions/express-entry-rounds/invitations.html?q=281,31-Jan-24,General,730,541
280,https://www.canada.ca/content/canadasite/en/immigration-refugees-citizenship/corporate/mandate/policies-operational-instructions-agreements/ministerial-instructions/express-entry-rounds/invitations.html?q=280,23-Jan-24,General,"1,040",543
279,https://www.canada.ca/content/canadasite/en/immigration-refugees-citizenship/corporate/mandate/policies-operational-instructions-agreements/ministerial-instructions/express-entry-rounds/invitations.html?q=279,10-Jan-24,General,"1,510",546
278,https://www.canada.ca/content/canadasite/en/immigration-refugees-citizenship/corporate/mandate/policies-operational-instructions-agreements/ministerial-instructions/express-entry-rounds/invitations.html?q=278,21-Dec-23,Agriculture and agri-food occupations (Version 1),400,386
277,https://www.canada.ca/content/canadasite/en/immigration-refugees-citizenship/corporate/mandate/policies-operational-instructions-agreements/ministerial-instructions/express-entry-rounds/invitations.html?q=277,20-Dec-23,Transport occupations (Version 1),670,435
276,https://www.canada.ca/content/canadasite/en/immigration-refugees-citizenship/corporate/mandate/policies-operational-instructions-agreements/ministerial-instructions/express-entry-rounds/invitations.html?q=276,19-Dec-23,Trade occupations (Version 1),"1,000",425
275,https://www.canada.ca/content/canadasite/en/immigration-refugees-citizenship/corporate/mandate/policies-operational-instructions-agreements/ministerial-instructions/express-entry-rounds/invitations.html?q=275,18-Dec-23,General,"1,325",542
274,https://www.canada.ca/content/canadasite/en/immigration-refugees-citizenship/corporate/mandate/policies-operational-instructions-agreements/ministerial-instructions/express-entry-rounds/invitations.html?q=274,08-Dec-23,STEM occupations (Version 1),"5,900",481
273,https://www.canada.ca/content/canadasite/en/immigration-refugees-citizenship/corporate/mandate/policies-operational-instructions-agreements/ministerial-instructions/express-entry-rounds/invitations.html?q=273,07-Dec-23,French language proficiency (Version 1),"1,000",470
272,https://www.canada.ca/content/canadasite/en/immigration-refugees-citizenship/corporate/mandate/policies-operational-instructions-agreements/ministerial-instructions/express-entry-rounds/invitations.html?q=272,06-Dec-23,General,"4,750",561
271,https://www.canada.ca/content/canadasite/en/immigration-refugees-citizenship/corporate/mandate/policies-operational-instructions-agreements/ministerial-instructions/express-entry-rounds/invitations.html?q=271,26-Oct-23,Healthcare occupations (Version 1),"3,600",431
270,https://www.canada.ca/content/canadasite/en/immigration-refugees-citizenship/corporate/mandate/policies-operational-instructions-agreements/ministerial-instructions/express-entry-rounds/invitations.html?q=270,25-Oct-23,French language proficiency (Version 1),300,486
269,https://www.canada.ca/content/canadasite/en/immigration-refugees-citizenship/corporate/mandate/policies-operational-instructions-agreements/ministerial-instructions/express-entry-rounds/invitations.html?q=269,24-Oct-23,Provincial Nominee Program,"1,548",776
268,https://www.canada.ca/content/canadasite/en/immigration-refugees-citizenship/corporate/mandate/policies-operational-instructions-agreements/ministerial-instructions/express-entry-rounds/invitations.html?q=268,10-Oct-23,No Program Specified,"3,725",500
267,https://www.canada.ca/content/canadasite/en/immigration-refugees-citizenship/corporate/mandate/policies-operational-instructions-agreements/ministerial-instructions/express-entry-rounds/invitations.html?q=267,28-Sep-23,Agriculture and agri-food occupations (Version 1),600,354
266,https://www.canada.ca/content/canadasite/en/immigration-refugees-citizenship/corporate/mandate/policies-operational-instructions-agreements/ministerial-instructions/express-entry-rounds/invitations.html?q=266,27-Sep-23,French language proficiency (Version 1),500,472
265,https://www.canada.ca/content/canadasite/en/immigration-refugees-citizenship/corporate/mandate/policies-operational-instructions-agreements/ministerial-instructions/express-entry-rounds/invitations.html?q=265,26-Sep-23,No Program Specified,"3,000",504
264,https://www.canada.ca/content/canadasite/en/immigration-refugees-citizenship/corporate/mandate/policies-operational-instructions-agreements/ministerial-instructions/express-entry-rounds/invitations.html?q=264,20-Sep-23,Transport occupations (Version 1),"1,000",435
263,https://www.canada.ca/content/canadasite/en/immigration-refugees-citizenship/corporate/mandate/policies-operational-instructions-agreements/ministerial-instructions/express-entry-rounds/invitations.html?q=263,19-Sep-23,No Program Specified,"3,200",531
262,https://www.canada.ca/content/canadasite/en/immigration-refugees-citizenship/corporate/mandate/policies-operational-instructions-agreements/ministerial-instructions/express-entry-rounds/invitations.html?q=262,15-Aug-23,No Program Specified,"4,300",496
261,https://www.canada.ca/content/canadasite/en/immigration-refugees-citizenship/corporate/mandate/policies-operational-instructions-agreements/ministerial-instructions/express-entry-rounds/invitations.html?q=261,03-Aug-23,Trade occupations (Version 1),"1,500",388
260,https://www.canada.ca/content/canadasite/en/immigration-refugees-citizenship/corporate/mandate/policies-operational-instructions-agreements/ministerial-instructions/express-entry-rounds/invitations.html?q=260,02-Aug-23,French language proficiency (Version 1),800,435
259,https://www.canada.ca/content/canadasite/en/immigration-refugees-citizenship/corporate/mandate/policies-operational-instructions-agreements/ministerial-instructions/express-entry-rounds/invitations.html?q=259,01-Aug-23,No Program Specified,"2,000",517
258,https://www.canada.ca/content/canadasite/en/immigration-refugees-citizenship/corporate/mandate/policies-operational-instructions-agreements/ministerial-instructions/express-entry-rounds/invitations.html?q=258,12-Jul-23,French language proficiency (Version 1),"3,800",375
257,https://www.canada.ca/content/canadasite/en/immigration-refugees-citizenship/corporate/mandate/policies-operational-instructions-agreements/ministerial-instructions/express-entry-rounds/invitations.html?q=257,11-Jul-23,No Program Specified,800,505
256,https://www.canada.ca/content/canadasite/en/immigration-refugees-citizenship/corporate/mandate/policies-operational-instructions-agreements/ministerial-instructions/express-entry-rounds/invitations.html?q=256,07-Jul-23,French language proficiency (Version 1),"2,300",439
255,https://www.canada.ca/content/canadasite/en/immigration-refugees-citizenship/corporate/mandate/policies-operational-instructions-agreements/ministerial-instructions/express-entry-rounds/invitations.html?q=255,06-Jul-23,Healthcare occupations (Version 1),"1,500",463
254,https://www.canada.ca/content/canadasite/en/immigration-refugees-citizenship/corporate/mandate/policies-operational-instructions-agreements/ministerial-instructions/express-entry-rounds/invitations.html?q=254,05-Jul-23,STEM occupations (Version 1),500,486
253,https://www.canada.ca/content/canadasite/en/immigration-refugees-citizenship/corporate/mandate/policies-operational-instructions-agreements/ministerial-instructions/express-entry-rounds/invitations.html?q=253,04-Jul-23,No Program Specified,700,511
252,https://www.canada.ca/content/canadasite/en/immigration-refugees-citizenship/corporate/mandate/policies-operational-instructions-agreements/ministerial-instructions/express-entry-rounds/invitations.html?q=252,28-Jun-23,Healthcare occupations (Version 1),500,476
251,https://www.canada.ca/content/canadasite/en/immigration-refugees-citizenship/corporate/mandate/policies-operational-instructions-agreements/ministerial-instructions/express-entry-rounds/invitations.html?q=251,27-Jun-23,No Program Specified,"4,300",486
250,https://www.canada.ca/content/canadasite/en/immigration-refugees-citizenship/corporate/mandate/policies-operational-instructions-agreements/ministerial-instructions/express-entry-rounds/invitations.html?q=250,08-Jun-23,No Program Specified,"4,800",486
249,https://www.canada.ca/content/canadasite/en/immigration-refugees-citizenship/corporate/mandate/policies-operational-instructions-agreements/ministerial-instructions/express-entry-rounds/invitations.html?q=249,24-May-23,No Program Specified,"4,800",488
248,https://www.canada.ca/content/canadasite/en/immigration-refugees-citizenship/corporate/mandate/policies-operational-instructions-agreements/ministerial-instructions/express-entry-rounds/invitations.html?q=248,10-May-23,Provincial Nominee Program,589,691
247,https://www.canada.ca/content/canadasite/en/immigration-refugees-citizenship/corporate/mandate/policies-operational-instructions-agreements/ministerial-instructions/express-entry-rounds/invitations.html?q=247,26-Apr-23,No Program Specified,"3,500",483
246,https://www.canada.ca/content/canadasite/en/immigration-refugees-citizenship/corporate/mandate/policies-operational-instructions-agreements/ministerial-instructions/express-entry-rounds/invitations.html?q=246,12-Apr-23,No Program Specified,"3,500",486
245,https://www.canada.ca/content/canadasite/en/immigration-refugees-citizenship/corporate/mandate/policies-operational-instructions-agreements/ministerial-instructions/express-entry-rounds/invitations.html?q=245,29-Mar-23,No Program Specified,"7,000",481
244,https://www.canada.ca/content/canadasite/en/immigration-refugees-citizenship/corporate/mandate/policies-operational-instructions-agreements/ministerial-instructions/express-entry-rounds/invitations.html?q=244,23-Mar-23,No Program Specified,"7,000",484
243,https://www.canada.ca/content/canadasite/en/immigration-refugees-citizenship/corporate/mandate/policies-operational-instructions-agreements/ministerial-instructions/express-entry-rounds/invitations.html?q=243,15-Mar-23,No Program Specified,"7,000",490
242,https://www.canada.ca/content/canadasite/en/immigration-refugees-citizenship/corporate/mandate/policies-operational-instructions-agreements/ministerial-instructions/express-entry-rounds/invitations.html?q=242,01-Mar-23,Provincial Nominee Program,667,748
241,https://www.canada.ca/content/canadasite/en/immigration-refugees-citizenship/corporate/mandate/policies-operational-instructions-agreements/ministerial-instructions/express-entry-rounds/invitations.html?q=241,15-Feb-23,Provincial Nominee Program,699,791
240,https://www.canada.ca/content/canadasite/en/immigration-refugees-citizenship/corporate/mandate/policies-operational-instructions-agreements/ministerial-instructions/express-entry-rounds/invitations.html?q=240,02-Feb-23,Federal Skilled Worker,"3,300",489
239,https://www.canada.ca/content/canadasite/en/immigration-refugees-citizenship/corporate/mandate/policies-operational-instructions-agreements/ministerial-instructions/express-entry-rounds/invitations.html?q=239,01-Feb-23,Provincial Nominee Program,893,733
238,https://www.canada.ca/content/canadasite/en/immigration-refugees-citizenship/corporate/mandate/policies-operational-instructions-agreements/ministerial-instructions/express-entry-rounds/invitations.html?q=238,18-Jan-23,No Program Specified,"5,500",490
237,https://www.canada.ca/content/canadasite/en/immigration-refugees-citizenship/corporate/mandate/policies-operational-instructions-agreements/ministerial-instructions/express-entry-rounds/invitations.html?q=237,11-Jan-23,No Program Specified,"5,500",507
236,https://www.canada.ca/content/canadasite/en/immigration-refugees-citizenship/corporate/mandate/policies-operational-instructions-agreements/ministerial-instructions/express-entry-rounds/invitations.html?q=236,23-Nov-22,No Program Specified,"4,750",491
235,https://www.canada.ca/content/canadasite/en/immigration-refugees-citizenship/corporate/mandate/policies-operational-instructions-agreements/ministerial-instructions/express-entry-rounds/invitations.html?q=235,09-Nov-22,No Program Specified,"4,750",494
234,https://www.canada.ca/content/canadasite/en/immigration-refugees-citizenship/corporate/mandate/policies-operational-instructions-agreements/ministerial-instructions/express-entry-rounds/invitations.html?q=234,26-Oct-22,No Program Specified,"4,750",496
233,https://www.canada.ca/content/canadasite/en/immigration-refugees-citizenship/corporate/mandate/policies-operational-instructions-agreements/ministerial-instructions/express-entry-rounds/invitations.html?q=233,12-Oct-22,No Program Specified,"4,250",500
232,https://www.canada.ca/content/canadasite/en/immigration-refugees-citizenship/corporate/mandate/policies-operational-instructions-agreements/ministerial-instructions/express-entry-rounds/invitations.html?q=232,28-Sep-22,No Program Specified,"3,750",504
231,https://www.canada.ca/content/canadasite/en/immigration-refugees-citizenship/corporate/mandate/policies-operational-instructions-agreements/ministerial-instructions/express-entry-rounds/invitations.html?q=231,14-Sep-22,No Program Specified,"3,250",510
230,https://www.canada.ca/content/canadasite/en/immigration-refugees-citizenship/corporate/mandate/policies-operational-instructions-agreements/ministerial-instructions/express-entry-rounds/invitations.html?q=230,31-Aug-22,No Program Specified,"2,750",516
229,https://www.canada.ca/content/canadasite/en/immigration-refugees-citizenship/corporate/mandate/policies-operational-instructions-agreements/ministerial-instructions/express-entry-rounds/invitations.html?q=229,17-Aug-22,No Program Specified,"2,250",525
228,https://www.canada.ca/content/canadasite/en/immigration-refugees-citizenship/corporate/mandate/policies-operational-instructions-agreements/ministerial-instructions/express-entry-rounds/invitations.html?q=228,03-Aug-22,No Program Specified,"2,000",533
227,https://www.canada.ca/content/canadasite/en/immigration-refugees-citizenship/corporate/mandate/policies-operational-instructions-agreements/ministerial-instructions/express-entry-rounds/invitations.html?q=227,20-Jul-22,No Program Specified,"1,750",542
226,https://www.canada.ca/content/canadasite/en/immigration-refugees-citizenship/corporate/mandate/policies-operational-instructions-agreements/ministerial-instructions/express-entry-rounds/invitations.html?q=226,06-Jul-22,No Program Specified,"1,500",557
225,https://www.canada.ca/content/canadasite/en/immigration-refugees-citizenship/corporate/mandate/policies-operational-instructions-agreements/ministerial-instructions/express-entry-rounds/invitations.html?q=225,22-Jun-22,Provincial Nominee Program,636,752
224,https://www.canada.ca/content/canadasite/en/immigration-refugees-citizenship/corporate/mandate/policies-operational-instructions-agreements/ministerial-instructions/express-entry-rounds/invitations.html?q=224,08-Jun-22,Provincial Nominee Program,932,796
223,https://www.canada.ca/content/canadasite/en/immigration-refugees-citizenship/corporate/mandate/policies-operational-instructions-agreements/ministerial-instructions/express-entry-rounds/invitations.html?q=223,25-May-22,Provincial Nominee Program,590,741
222,https://www.canada.ca/content/canadasite/en/immigration-refugees-citizenship/corporate/mandate/policies-operational-instructions-agreements/ministerial-instructions/express-entry-rounds/invitations.html?q=222,11-May-22,Provincial Nominee Program,545,753
221,https://www.canada.ca/content/canadasite/en/immigration-refugees-citizenship/corporate/mandate/policies-operational-instructions-agreements/ministerial-instructions/express-entry-rounds/invitations.html?q=221,27-Apr-22,Provincial Nominee Program,829,772
220,https://www.canada.ca/content/canadasite/en/immigration-refugees-citizenship/corporate/mandate/policies-operational-instructions-agreements/ministerial-instructions/express-entry-rounds/invitations.html?q=220,13-Apr-22,Provincial Nominee Program,787,782
219,https://www.canada.ca/content/canadasite/en/immigration-refugees-citizenship/corporate/mandate/policies-operational-instructions-agreements/ministerial-instructions/express-entry-rounds/invitations.html?q=219,30-Mar-22,Provincial Nominee Program,919,785
218,https://www.canada.ca/content/canadasite/en/immigration-refugees-citizenship/corporate/mandate/policies-operational-instructions-agreements/ministerial-instructions/express-entry-rounds/invitations.html?q=218,16-Mar-22,Provincial Nominee Program,924,754
217,https://www.canada.ca/content/canadasite/en/immigration-refugees-citizenship/corporate/mandate/policies-operational-instructions-agreements/ministerial-instructions/express-entry-rounds/invitations.html?q=217,02-Mar-22,Provincial Nominee Program,"1,047",761
216,https://www.canada.ca/content/canadasite/en/immigration-refugees-citizenship/corporate/mandate/policies-operational-instructions-agreements/ministerial-instructions/express-entry-rounds/invitations.html?q=216,16-Feb-22,Provincial Nominee Program,"1,082",710
215,https://www.canada.ca/content/canadasite/en/immigration-refugees-citizenship/corporate/mandate/policies-operational-instructions-agreements/ministerial-instructions/express-entry-rounds/invitations.html?q=215,02-Feb-22,Provincial Nominee Program,"1,070",674
214,https://www.canada.ca/content/canadasite/en/immigration-refugees-citizenship/corporate/mandate/policies-operational-instructions-agreements/ministerial-instructions/express-entry-rounds/invitations.html?q=214,19-Jan-22,Provincial Nominee Program,"1,036",745
213,https://www.canada.ca/content/canadasite/en/immigration-refugees-citizenship/corporate/mandate/policies-operational-instructions-agreements/ministerial-instructions/express-entry-rounds/invitations.html?q=213,05-Jan-22,Provincial Nominee Program,392,808
212,https://www.canada.ca/content/canadasite/en/immigration-refugees-citizenship/corporate/mandate/policies-operational-instructions-agreements/ministerial-instructions/express-entry-rounds/invitations.html?q=212,22-Dec-21,Provincial Nominee Program,746,720
211,https://www.canada.ca/content/canadasite/en/immigration-refugees-citizenship/corporate/mandate/policies-operational-instructions-agreements/ministerial-instructions/express-entry-rounds/invitations.html?q=211,10-Dec-21,Provincial Nominee Program,"1,032",698
210,https://www.canada.ca/content/canadasite/en/immigration-refugees-citizenship/corporate/mandate/policies-operational-instructions-agreements/ministerial-instructions/express-entry-rounds/invitations.html?q=210,24-Nov-21,Provincial Nominee Program,613,737
209,https://www.canada.ca/content/canadasite/en/immigration-refugees-citizenship/corporate/mandate/policies-operational-instructions-agreements/ministerial-instructions/express-entry-rounds/invitations.html?q=209,10-Nov-21,Provincial Nominee Program,775,685
208,https://www.canada.ca/content/canadasite/en/immigration-refugees-citizenship/corporate/mandate/policies-operational-instructions-agreements/ministerial-instructions/express-entry-rounds/invitations.html?q=208,27-Oct-21,Provincial Nominee Program,681,744
207,https://www.canada.ca/content/canadasite/en/immigration-refugees-citizenship/corporate/mandate/policies-operational-instructions-agreements/ministerial-instructions/express-entry-rounds/invitations.html?q=207,13-Oct-21,Provincial Nominee Program,681,720
206,https://www.canada.ca/content/canadasite/en/immigration-refugees-citizenship/corporate/mandate/policies-operational-instructions-agreements/ministerial-instructions/express-entry-rounds/invitations.html?q=206,29-Sep-21,Provincial Nominee Program,761,742
205,https://www.canada.ca/content/canadasite/en/immigration-refugees-citizenship/corporate/mandate/policies-operational-instructions-agreements/ministerial-instructions/express-entry-rounds/invitations.html?q=205,15-Sep-21,Provincial Nominee Program,521,732
204,https://www.canada.ca/content/canadasite/en/immigration-refugees-citizenship/corporate/mandate/policies-operational-instructions-agreements/ministerial-instructions/express-entry-rounds/invitations.html?q=204,14-Sep-21,Canadian Experience Class,"2,000",462
203,https://www.canada.ca/content/canadasite/en/immigration-refugees-citizenship/corporate/mandate/policies-operational-instructions-agreements/ministerial-instructions/express-entry-rounds/invitations.html?q=203,01-Sep-21,Provincial Nominee Program,635,764
202,https://www.canada.ca/content/canadasite/en/immigration-refugees-citizenship/corporate/mandate/policies-operational-instructions-agreements/ministerial-instructions/express-entry-rounds/invitations.html?q=202,19-Aug-21,Canadian Experience Class,"3,000",403
201,https://www.canada.ca/content/canadasite/en/immigration-refugees-citizenship/corporate/mandate/policies-operational-instructions-agreements/ministerial-instructions/express-entry-rounds/invitations.html?q=201,18-Aug-21,Provincial Nominee Program,463,751
200,https://www.canada.ca/content/canadasite/en/immigration-refugees-citizenship/corporate/mandate/policies-operational-instructions-agreements/ministerial-instructions/express-entry-rounds/invitations.html?q=200,05-Aug-21,Canadian Experience Class,"3,000",404
199,https://www.canada.ca/content/canadasite/en/immigration-refugees-citizenship/corporate/mandate/policies-operational-instructions-agreements/ministerial-instructions/express-entry-rounds/invitations.html?q=199,04-Aug-21,Provincial Nominee Program,512,760
198,https://www.canada.ca/content/canadasite/en/immigration-refugees-citizenship/corporate/mandate/policies-operational-instructions-agreements/ministerial-instructions/express-entry-rounds/invitations.html?q=198,22-Jul-21,Canadian Experience Class,"4,500",357
197,https://www.canada.ca/content/canadasite/en/immigration-refugees-citizenship/corporate/mandate/policies-operational-instructions-agreements/ministerial-instructions/express-entry-rounds/invitations.html?q=197,21-Jul-21,Provincial Nominee Program,462,734
196,https://www.canada.ca/content/canadasite/en/immigration-refugees-citizenship/corporate/mandate/policies-operational-instructions-agreements/ministerial-instructions/express-entry-rounds/invitations.html?q=196,08-Jul-21,Canadian Experience Class,"4,500",369
195,https://www.canada.ca/content/canadasite/en/immigration-refugees-citizenship/corporate/mandate/policies-operational-instructions-agreements/ministerial-instructions/express-entry-rounds/invitations.html?q=195,07-Jul-21,Provincial Nominee Program,627,760
194,https://www.canada.ca/content/canadasite/en/immigration-refugees-citizenship/corporate/mandate/policies-operational-instructions-agreements/ministerial-instructions/express-entry-rounds/invitations.html?q=194,24-Jun-21,Canadian Experience Class,"6,000",357
193,https://www.canada.ca/content/canadasite/en/immigration-refugees-citizenship/corporate/mandate/policies-operational-instructions-agreements/ministerial-instructions/express-entry-rounds/invitations.html?q=193,23-Jun-21,Provincial Nominee Program,"1,002",742
192,https://www.canada.ca/content/canadasite/en/immigration-refugees-citizenship/corporate/mandate/policies-operational-instructions-agreements/ministerial-instructions/express-entry-rounds/invitations.html?q=192,10-Jun-21,Canadian Experience Class,"6,000",368
191,https://www.canada.ca/content/canadasite/en/immigration-refugees-citizenship/corporate/mandate/policies-operational-instructions-agreements/ministerial-instructions/express-entry-rounds/invitations.html?q=191,09-Jun-21,Provincial Nominee Program,940,711
190,https://www.canada.ca/content/canadasite/en/immigration-refugees-citizenship/corporate/mandate/policies-operational-instructions-agreements/ministerial-instructions/express-entry-rounds/invitations.html?q=190,31-May-21,Canadian Experience Class,"5,956",380
189,https://www.canada.ca/content/canadasite/en/immigration-refugees-citizenship/corporate/mandate/policies-operational-instructions-agreements/ministerial-instructions/express-entry-rounds/invitations.html?q=189,26-May-21,Provincial Nominee Program,500,713
188,https://www.canada.ca/content/canadasite/en/immigration-refugees-citizenship/corporate/mandate/policies-operational-instructions-agreements/ministerial-instructions/express-entry-rounds/invitations.html?q=188,20-May-21,Canadian Experience Class,"1,842",397
187,https://www.canada.ca/content/canadasite/en/immigration-refugees-citizenship/corporate/mandate/policies-operational-instructions-agreements/ministerial-instructions/express-entry-rounds/invitations.html?q=187,13-May-21,Canadian Experience Class,"4,147",401
186,https://www.canada.ca/content/canadasite/en/immigration-refugees-citizenship/corporate/mandate/policies-operational-instructions-agreements/ministerial-instructions/express-entry-rounds/invitations.html?q=186,12-May-21,Provincial Nominee Program,557,752
185,https://www.canada.ca/content/canadasite/en/immigration-refugees-citizenship/corporate/mandate/policies-operational-instructions-agreements/ministerial-instructions/express-entry-rounds/invitations.html?q=185,29-Apr-21,Canadian Experience Class,"6,000",400
184,https://www.canada.ca/content/canadasite/en/immigration-refugees-citizenship/corporate/mandate/policies-operational-instructions-agreements/ministerial-instructions/express-entry-rounds/invitations.html?q=184,28-Apr-21,Provincial Nominee Program,381,717
183,https://www.canada.ca/content/canadasite/en/immigration-refugees-citizenship/corporate/mandate/policies-operational-instructions-agreements/ministerial-instructions/express-entry-rounds/invitations.html?q=183,16-Apr-21,Canadian Experience Class,"6,000",417
182,https://www.canada.ca/content/canadasite/en/immigration-refugees-citizenship/corporate/mandate/policies-operational-instructions-agreements/ministerial-instructions/express-entry-rounds/invitations.html?q=182,14-Apr-21,Provincial Nominee Program,266,753
181,https://www.canada.ca/content/canadasite/en/immigration-refugees-citizenship/corporate/mandate/policies-operational-instructions-agreements/ministerial-instructions/express-entry-rounds/invitations.html?q=181,01-Apr-21,Canadian Experience Class,"5,000",432
180,https://www.canada.ca/content/canadasite/en/immigration-refugees-citizenship/corporate/mandate/policies-operational-instructions-agreements/ministerial-instructions/express-entry-rounds/invitations.html?q=180,31-Mar-21,Provincial Nominee Program,284,778
179,https://www.canada.ca/content/canadasite/en/immigration-refugees-citizenship/corporate/mandate/policies-operational-instructions-agreements/ministerial-instructions/express-entry-rounds/invitations.html?q=179,18-Mar-21,Canadian Experience Class,"5,000",449
178,https://www.canada.ca/content/canadasite/en/immigration-refugees-citizenship/corporate/mandate/policies-operational-instructions-agreements/ministerial-instructions/express-entry-rounds/invitations.html?q=178,17-Mar-21,Provincial Nominee Program,183,682
177,https://www.canada.ca/content/canadasite/en/immigration-refugees-citizenship/corporate/mandate/policies-operational-instructions-agreements/ministerial-instructions/express-entry-rounds/invitations.html?q=177,08-Mar-21,Provincial Nominee Program,671,739
176,https://www.canada.ca/content/canadasite/en/immigration-refugees-citizenship/corporate/mandate/policies-operational-instructions-agreements/ministerial-instructions/express-entry-rounds/invitations.html?q=176,13-Feb-21,Canadian Experience Class,"27,332",75
175,https://www.canada.ca/content/canadasite/en/immigration-refugees-citizenship/corporate/mandate/policies-operational-instructions-agreements/ministerial-instructions/express-entry-rounds/invitations.html?q=175,10-Feb-21,Provincial Nominee Program,654,720
174,https://www.canada.ca/content/canadasite/en/immigration-refugees-citizenship/corporate/mandate/policies-operational-instructions-agreements/ministerial-instructions/express-entry-rounds/invitations.html?q=174,21-Jan-21,Canadian Experience Class,"4,626",454
173,https://www.canada.ca/content/canadasite/en/immigration-refugees-citizenship/corporate/mandate/policies-operational-instructions-agreements/ministerial-instructions/express-entry-rounds/invitations.html?q=173,20-Jan-21,Provincial Nominee Program,374,741
172,https://www.canada.ca/content/canadasite/en/immigration-refugees-citizenship/corporate/mandate/policies-operational-instructions-agreements/ministerial-instructions/express-entry-rounds/invitations.html?q=172,07-Jan-21,Canadian Experience Class,"4,750",461
171,https://www.canada.ca/content/canadasite/en/immigration-refugees-citizenship/corporate/mandate/policies-operational-instructions-agreements/ministerial-instructions/express-entry-rounds/invitations.html?q=171,06-Jan-21,Provincial Nominee Program,250,813
170,https://www.canada.ca/content/canadasite/en/immigration-refugees-citizenship/corporate/mandate/policies-operational-instructions-agreements/ministerial-instructions/express-entry-rounds/invitations.html?q=170,23-Dec-20,No Program Specified,"5,000",468
169,https://www.canada.ca/content/canadasite/en/immigration-refugees-citizenship/corporate/mandate/policies-operational-instructions-agreements/ministerial-instructions/express-entry-rounds/invitations.html?q=169,09-Dec-20,No Program Specified,"5,000",469
168,https://www.canada.ca/content/canadasite/en/immigration-refugees-citizenship/corporate/mandate/policies-operational-instructions-agreements/ministerial-instructions/express-entry-rounds/invitations.html?q=168,25-Nov-20,No Program Specified,"5,000",469
167,https://www.canada.ca/content/canadasite/en/immigration-refugees-citizenship/corporate/mandate/policies-operational-instructions-agreements/ministerial-instructions/express-entry-rounds/invitations.html?q=167,18-Nov-20,No Program Specified,"5,000",472
166,https://www.canada.ca/content/canadasite/en/immigration-refugees-citizenship/corporate/mandate/policies-operational-instructions-agreements/ministerial-instructions/express-entry-rounds/invitations.html?q=166,05-Nov-20,No Program Specified,"4,500",478
165,https://www.canada.ca/content/canadasite/en/immigration-refugees-citizenship/corporate/mandate/policies-operational-instructions-agreements/ministerial-instructions/express-entry-rounds/invitations.html?q=165,14-Oct-20,No Program Specified,"4,500",471
164,https://www.canada.ca/content/canadasite/en/immigration-refugees-citizenship/corporate/mandate/policies-operational-instructions-agreements/ministerial-instructions/express-entry-rounds/invitations.html?q=164,30-Sep-20,No Program Specified,"4,200",471
163,https://www.canada.ca/content/canadasite/en/immigration-refugees-citizenship/corporate/mandate/policies-operational-instructions-agreements/ministerial-instructions/express-entry-rounds/invitations.html?q=163,16-Sep-20,No Program Specified,"4,200",472
162,https://www.canada.ca/content/canadasite/en/immigration-refugees-citizenship/corporate/mandate/policies-operational-instructions-agreements/ministerial-instructions/express-entry-rounds/invitations.html?q=162,02-Sep-20,No Program Specified,"4,200",475
161,https://www.canada.ca/content/canadasite/en/immigration-refugees-citizenship/corporate/mandate/policies-operational-instructions-agreements/ministerial-instructions/express-entry-rounds/invitations.html?q=161,20-Aug-20,Canadian Experience Class,"3,300",454
160,https://www.canada.ca/content/canadasite/en/immigration-refugees-citizenship/corporate/mandate/policies-operational-instructions-agreements/ministerial-instructions/express-entry-rounds/invitations.html?q=160,19-Aug-20,Provincial Nominee Program,600,771
159,https://www.canada.ca/content/canadasite/en/immigration-refugees-citizenship/corporate/mandate/policies-operational-instructions-agreements/ministerial-instructions/express-entry-rounds/invitations.html?q=159,06-Aug-20,Federal Skilled Trades,250,415
158,https://www.canada.ca/content/canadasite/en/immigration-refugees-citizenship/corporate/mandate/policies-operational-instructions-agreements/ministerial-instructions/express-entry-rounds/invitations.html?q=158,05-Aug-20,No Program Specified,"3,900",476
157,https://www.canada.ca/content/canadasite/en/immigration-refugees-citizenship/corporate/mandate/policies-operational-instructions-agreements/ministerial-instructions/express-entry-rounds/invitations.html?q=157,23-Jul-20,Canadian Experience Class,"3,343",445
156,https://www.canada.ca/content/canadasite/en/immigration-refugees-citizenship/corporate/mandate/policies-operational-instructions-agreements/ministerial-instructions/express-entry-rounds/invitations.html?q=156,22-Jul-20,Provincial Nominee Program,557,687
155,https://www.canada.ca/content/canadasite/en/immigration-refugees-citizenship/corporate/mandate/policies-operational-instructions-agreements/ministerial-instructions/express-entry-rounds/invitations.html?q=155,08-Jul-20,No Program Specified,"3,900",478
154,https://www.canada.ca/content/canadasite/en/immigration-refugees-citizenship/corporate/mandate/policies-operational-instructions-agreements/ministerial-instructions/express-entry-rounds/invitations.html?q=154,25-Jun-20,Canadian Experience Class,"3,508",431
153,https://www.canada.ca/content/canadasite/en/immigration-refugees-citizenship/corporate/mandate/policies-operational-instructions-agreements/ministerial-instructions/express-entry-rounds/invitations.html?q=153,24-Jun-20,Provincial Nominee Program,392,696
152,https://www.canada.ca/content/canadasite/en/immigration-refugees-citizenship/corporate/mandate/policies-operational-instructions-agreements/ministerial-instructions/express-entry-rounds/invitations.html?q=152,11-Jun-20,Canadian Experience Class,"3,559",437
151,https://www.canada.ca/content/canadasite/en/immigration-refugees-citizenship/corporate/mandate/policies-operational-instructions-agreements/ministerial-instructions/express-entry-rounds/invitations.html?q=151,10-Jun-20,Provincial Nominee Program,341,743
150,https://www.canada.ca/content/canadasite/en/immigration-refugees-citizenship/corporate/mandate/policies-operational-instructions-agreements/ministerial-instructions/express-entry-rounds/invitations.html?q=150,28-May-20,Canadian Experience Class,"3,515",440
149,https://www.canada.ca/content/canadasite/en/immigration-refugees-citizenship/corporate/mandate/policies-operational-instructions-agreements/ministerial-instructions/express-entry-rounds/invitations.html?q=149,27-May-20,Provincial Nominee Program,385,757
148,https://www.canada.ca/content/canadasite/en/immigration-refugees-citizenship/corporate/mandate/policies-operational-instructions-agreements/ministerial-instructions/express-entry-rounds/invitations.html?q=148,14-May-20,Canadian Experience Class,"3,371",447
147,https://www.canada.ca/content/canadasite/en/immigration-refugees-citizenship/corporate/mandate/policies-operational-instructions-agreements/ministerial-instructions/express-entry-rounds/invitations.html?q=147,13-May-20,Provincial Nominee Program,529,718
146,https://www.canada.ca/content/canadasite/en/immigration-refugees-citizenship/corporate/mandate/policies-operational-instructions-agreements/ministerial-instructions/express-entry-rounds/invitations.html?q=146,30-Apr-20,Canadian Experience Class,"3,311",452
145,https://www.canada.ca/content/canadasite/en/immigration-refugees-citizenship/corporate/mandate/policies-operational-instructions-agreements/ministerial-instructions/express-entry-rounds/invitations.html?q=145,29-Apr-20,Provincial Nominee Program,589,692
144,https://www.canada.ca/content/canadasite/en/immigration-refugees-citizenship/corporate/mandate/policies-operational-instructions-agreements/ministerial-instructions/express-entry-rounds/invitations.html?q=144,16-Apr-20,Canadian Experience Class,"3,782",455
143,https://www.canada.ca/content/canadasite/en/immigration-refugees-citizenship/corporate/mandate/policies-operational-instructions-agreements/ministerial-instructions/express-entry-rounds/invitations.html?q=143,15-Apr-20,Provincial Nominee Program,118,808
142,https://www.canada.ca/content/canadasite/en/immigration-refugees-citizenship/corporate/mandate/policies-operational-instructions-agreements/ministerial-instructions/express-entry-rounds/invitations.html?q=142,09-Apr-20,Canadian Experience Class,"3,294",464
141,https://www.canada.ca/content/canadasite/en/immigration-refugees-citizenship/corporate/mandate/policies-operational-instructions-agreements/ministerial-instructions/express-entry-rounds/invitations.html?q=141,09-Apr-20,Provincial Nominee Program,606,698
140,https://www.canada.ca/content/canadasite/en/immigration-refugees-citizenship/corporate/mandate/policies-operational-instructions-agreements/ministerial-instructions/express-entry-rounds/invitations.html?q=140,23-Mar-20,Canadian Experience Class,"3,232",467
139,https://www.canada.ca/content/canadasite/en/immigration-refugees-citizenship/corporate/mandate/policies-operational-instructions-agreements/ministerial-instructions/express-entry-rounds/invitations.html?q=139,18-Mar-20,Provincial Nominee Program,668,720
138,https://www.canada.ca/content/canadasite/en/immigration-refugees-citizenship/corporate/mandate/policies-operational-instructions-agreements/ministerial-instructions/express-entry-rounds/invitations.html?q=138,04-Mar-20,No Program Specified,"3,900",471
137,https://www.canada.ca/content/canadasite/en/immigration-refugees-citizenship/corporate/mandate/policies-operational-instructions-agreements/ministerial-instructions/express-entry-rounds/invitations.html?q=137,19-Feb-20,No Program Specified,"4,500",470
136,https://www.canada.ca/content/canadasite/en/immigration-refugees-citizenship/corporate/mandate/policies-operational-instructions-agreements/ministerial-instructions/express-entry-rounds/invitations.html?q=136,05-Feb-20,No Program Specified,"3,500",472
135,https://www.canada.ca/content/canadasite/en/immigration-refugees-citizenship/corporate/mandate/policies-operational-instructions-agreements/ministerial-instructions/express-entry-rounds/invitations.html?q=135,22-Jan-20,No Program Specified,"3,400",471
134,https://www.canada.ca/content/canadasite/en/immigration-refugees-citizenship/corporate/mandate/policies-operational-instructions-agreements/ministerial-instructions/express-entry-rounds/invitations.html?q=134,08-Jan-20,No Program Specified,"3,400",473
133,https://www.canada.ca/content/canadasite/en/immigration-refugees-citizenship/corporate/mandate/policies-operational-instructions-agreements/ministerial-instructions/express-entry-rounds/invitations.html?q=133,19-Dec-19,No Program Specified,"3,200",469
132,https://www.canada.ca/content/canadasite/en/immigration-refugees-citizenship/corporate/mandate/policies-operational-instructions-agreements/ministerial-instructions/express-entry-rounds/invitations.html?q=132,11-Dec-19,No Program Specified,"3,200",472
131,https://www.canada.ca/content/canadasite/en/immigration-refugees-citizenship/corporate/mandate/policies-operational-instructions-agreements/ministerial-instructions/express-entry-rounds/invitations.html?q=131,27-Nov-19,No Program Specified,"3,600",471
130,https://www.canada.ca/content/canadasite/en/immigration-refugees-citizenship/corporate/mandate/policies-operational-instructions-agreements/ministerial-instructions/express-entry-rounds/invitations.html?q=130,13-Nov-19,No Program Specified,"3,600",472
129,https://www.canada.ca/content/canadasite/en/immigration-refugees-citizenship/corporate/mandate/policies-operational-instructions-agreements/ministerial-instructions/express-entry-rounds/invitations.html?q=129,30-Oct-19,No Program Specified,"3,900",475
128,https://www.canada.ca/content/canadasite/en/immigration-refugees-citizenship/corporate/mandate/policies-operational-instructions-agreements/ministerial-instructions/express-entry-rounds/invitations.html?q=128,16-Oct-19,Federal Skilled Trades,500,357
127,https://www.canada.ca/content/canadasite/en/immigration-refugees-citizenship/corporate/mandate/policies-operational-instructions-agreements/ministerial-instructions/express-entry-rounds/invitations.html?q=127,02-Oct-19,No Program Specified,"3,900",464
126,https://www.canada.ca/content/canadasite/en/immigration-refugees-citizenship/corporate/mandate/policies-operational-instructions-agreements/ministerial-instructions/express-entry-rounds/invitations.html?q=126,18-Sep-19,No Program Specified,"3,600",462
125,https://www.canada.ca/content/canadasite/en/immigration-refugees-citizenship/corporate/mandate/policies-operational-instructions-agreements/ministerial-instructions/express-entry-rounds/invitations.html?q=125,04-Sep-19,No Program Specified,"3,600",463
124,https://www.canada.ca/content/canadasite/en/immigration-refugees-citizenship/corporate/mandate/policies-operational-instructions-agreements/ministerial-instructions/express-entry-rounds/invitations.html?q=124,20-Aug-19,No Program Specified,"3,600",457
123,https://www.canada.ca/content/canadasite/en/immigration-refugees-citizenship/corporate/mandate/policies-operational-instructions-agreements/ministerial-instructions/express-entry-rounds/invitations.html?q=123,12-Aug-19,No Program Specified,"3,600",466
122,https://www.canada.ca/content/canadasite/en/immigration-refugees-citizenship/corporate/mandate/policies-operational-instructions-agreements/ministerial-instructions/express-entry-rounds/invitations.html?q=122,24-Jul-19,No Program Specified,"3,600",459
121,https://www.canada.ca/content/canadasite/en/immigration-refugees-citizenship/corporate/mandate/policies-operational-instructions-agreements/ministerial-instructions/express-entry-rounds/invitations.html?q=121,10-Jul-19,No Program Specified,"3,600",460
120,https://www.canada.ca/content/canadasite/en/immigration-refugees-citizenship/corporate/mandate/policies-operational-instructions-agreements/ministerial-instructions/express-entry-rounds/invitations.html?q=120,26-Jun-19,No Program Specified,"3,350",462
119,https://www.canada.ca/content/canadasite/en/immigration-refugees-citizenship/corporate/mandate/policies-operational-instructions-agreements/ministerial-instructions/express-entry-rounds/invitations.html?q=119,12-Jun-19,No Program Specified,"3,350",465
118,https://www.canada.ca/content/canadasite/en/immigration-refugees-citizenship/corporate/mandate/policies-operational-instructions-agreements/ministerial-instructions/express-entry-rounds/invitations.html?q=118,29-May-19,No Program Specified,"3,350",470
117,https://www.canada.ca/content/canadasite/en/immigration-refugees-citizenship/corporate/mandate/policies-operational-instructions-agreements/ministerial-instructions/express-entry-rounds/invitations.html?q=117,15-May-19,Federal Skilled Trades,500,332
116,https://www.canada.ca/content/canadasite/en/immigration-refugees-citizenship/corporate/mandate/policies-operational-instructions-agreements/ministerial-instructions/express-entry-rounds/invitations.html?q=116,01-May-19,No Program Specified,"3,350",450
115,https://www.canada.ca/content/canadasite/en/immigration-refugees-citizenship/corporate/mandate/policies-operational-instructions-agreements/ministerial-instructions/express-entry-rounds/invitations.html?q=115,17-Apr-19,No Program Specified,"3,350",451
114,https://www.canada.ca/content/canadasite/en/immigration-refugees-citizenship/corporate/mandate/policies-operational-instructions-agreements/ministerial-instructions/express-entry-rounds/invitations.html?q=114,03-Apr-19,No Program Specified,"3,350",451
113,https://www.canada.ca/content/canadasite/en/immigration-refugees-citizenship/corporate/mandate/policies-operational-instructions-agreements/ministerial-instructions/express-entry-rounds/invitations.html?q=113,20-Mar-19,No Program Specified,"3,350",452
112,https://www.canada.ca/content/canadasite/en/immigration-refugees-citizenship/corporate/mandate/policies-operational-instructions-agreements/ministerial-instructions/express-entry-rounds/invitations.html?q=112,06-Mar-19,No Program Specified,"3,350",454
111,https://www.canada.ca/content/canadasite/en/immigration-refugees-citizenship/corporate/mandate/policies-operational-instructions-agreements/ministerial-instructions/express-entry-rounds/invitations.html?q=111,20-Feb-19,No Program Specified,"3,350",457
110,https://www.canada.ca/content/canadasite/en/immigration-refugees-citizenship/corporate/mandate/policies-operational-instructions-agreements/ministerial-instructions/express-entry-rounds/invitations.html?q=110,30-Jan-19,No Program Specified,"3,350",438
109,https://www.canada.ca/content/canadasite/en/immigration-refugees-citizenship/corporate/mandate/policies-operational-instructions-agreements/ministerial-instructions/express-entry-rounds/invitations.html?q=109,23-Jan-19,No Program Specified,"3,900",443
108,https://www.canada.ca/content/canadasite/en/immigration-refugees-citizenship/corporate/mandate/policies-operational-instructions-agreements/ministerial-instructions/express-entry-rounds/invitations.html?q=108,09-Jan-19,No Program Specified,"3,900",449
107,https://www.canada.ca/content/canadasite/en/immigration-refugees-citizenship/corporate/mandate/policies-operational-instructions-agreements/ministerial-instructions/express-entry-rounds/invitations.html?q=107,19-Dec-18,No Program Specified,"3,900",439
106,https://www.canada.ca/content/canadasite/en/immigration-refugees-citizenship/corporate/mandate/policies-operational-instructions-agreements/ministerial-instructions/express-entry-rounds/invitations.html?q=106,12-Dec-18,No Program Specified,"3,900",445
105,https://www.canada.ca/content/canadasite/en/immigration-refugees-citizenship/corporate/mandate/policies-operational-instructions-agreements/ministerial-instructions/express-entry-rounds/invitations.html?q=105,28-Nov-18,No Program Specified,"3,900",445
104,https://www.canada.ca/content/canadasite/en/immigration-refugees-citizenship/corporate/mandate/policies-operational-instructions-agreements/ministerial-instructions/express-entry-rounds/invitations.html?q=104,14-Nov-18,No Program Specified,"3,900",449
103,https://www.canada.ca/content/canadasite/en/immigration-refugees-citizenship/corporate/mandate/policies-operational-instructions-agreements/ministerial-instructions/express-entry-rounds/invitations.html?q=103,29-Oct-18,No Program Specified,"3,900",442
102,https://www.canada.ca/content/canadasite/en/immigration-refugees-citizenship/corporate/mandate/policies-operational-instructions-agreements/ministerial-instructions/express-entry-rounds/invitations.html?q=102,15-Oct-18,No Program Specified,"3,900",440
101,https://www.canada.ca/content/canadasite/en/immigration-refugees-citizenship/corporate/mandate/policies-operational-instructions-agreements/ministerial-instructions/express-entry-rounds/invitations.html?q=101,03-Oct-18,No Program Specified,"3,900",445
100,https://www.canada.ca/content/canadasite/en/immigration-refugees-citizenship/corporate/mandate/policies-operational-instructions-agreements/ministerial-instructions/express-entry-rounds/invitations.html?q=100,24-Sep-18,Federal Skilled Trades,400,284
99,https://www.canada.ca/content/canadasite/en/immigration-refugees-citizenship/corporate/mandate/policies-operational-instructions-agreements/ministerial-instructions/express-entry-rounds/invitations.html?q=99,19-Sep-18,No Program Specified,"3,500",441
98,https://www.canada.ca/content/canadasite/en/immigration-refugees-citizenship/corporate/mandate/policies-operational-instructions-agreements/ministerial-instructions/express-entry-rounds/invitations.html?q=98,05-Sep-18,No Program Specified,"3,900",440
97,https://www.canada.ca/content/canadasite/en/immigration-refugees-citizenship/corporate/mandate/policies-operational-instructions-agreements/ministerial-instructions/express-entry-rounds/invitations.html?q=97,22-Aug-18,No Program Specified,"3,750",440
96,https://www.canada.ca/content/canadasite/en/immigration-refugees-citizenship/corporate/mandate/policies-operational-instructions-agreements/ministerial-instructions/express-entry-rounds/invitations.html?q=96,08-Aug-18,No Program Specified,"3,750",440
95,https://www.canada.ca/content/canadasite/en/immigration-refugees-citizenship/corporate/mandate/policies-operational-instructions-agreements/ministerial-instructions/express-entry-rounds/invitations.html?q=95,25-Jul-18,No Program Specified,"3,750",441
94,https://www.canada.ca/content/canadasite/en/immigration-refugees-citizenship/corporate/mandate/policies-operational-instructions-agreements/ministerial-instructions/express-entry-rounds/invitations.html?q=94,11-Jul-18,No Program Specified,"3,750",442
93,https://www.canada.ca/content/canadasite/en/immigration-refugees-citizenship/corporate/mandate/policies-operational-instructions-agreements/ministerial-instructions/express-entry-rounds/invitations.html?q=93,25-Jun-18,No Program Specified,"3,750",442
92,https://www.canada.ca/content/canadasite/en/immigration-refugees-citizenship/corporate/mandate/policies-operational-instructions-agreements/ministerial-instructions/express-entry-rounds/invitations.html?q=92,13-Jun-18,No Program Specified,"3,750",451
91a,https://www.canada.ca/content/canadasite/en/immigration-refugees-citizenship/corporate/mandate/policies-operational-instructions-agreements/ministerial-instructions/express-entry-rounds/invitations.html?q=91a,30-May-18,Federal Skilled Trades,500,288
91b,https://www.canada.ca/content/canadasite/en/immigration-refugees-citizenship/corporate/mandate/policies-operational-instructions-agreements/ministerial-instructions/express-entry-rounds/invitations.html?q=91b,30-May-18,Provincial Nominee Program,200,902
90,https://www.canada.ca/content/canadasite/en/immigration-refugees-citizenship/corporate/mandate/policies-operational-instructions-agreements/ministerial-instructions/express-entry-rounds/invitations.html?q=90,23-May-18,No Program Specified,"3,500",440
89,https://www.canada.ca/content/canadasite/en/immigration-refugees-citizenship/corporate/mandate/policies-operational-instructions-agreements/ministerial-instructions/express-entry-rounds/invitations.html?q=89,09-May-18,No Program Specified,"3,500",441
88,https://www.canada.ca/content/canadasite/en/immigration-refugees-citizenship/corporate/mandate/policies-operational-instructions-agreements/ministerial-instructions/express-entry-rounds/invitations.html?q=88,25-Apr-18,No Program Specified,"3,500",441
87,https://www.canada.ca/content/canadasite/en/immigration-refugees-citizenship/corporate/mandate/policies-operational-instructions-agreements/ministerial-instructions/express-entry-rounds/invitations.html?q=87,11-Apr-18,No Program Specified,"3,500",444
86,https://www.canada.ca/content/canadasite/en/immigration-refugees-citizenship/corporate/mandate/policies-operational-instructions-agreements/ministerial-instructions/express-entry-rounds/invitations.html?q=86,26-Mar-18,No Program Specified,"3,000",446
85,https://www.canada.ca/content/canadasite/en/immigration-refugees-citizenship/corporate/mandate/policies-operational-instructions-agreements/ministerial-instructions/express-entry-rounds/invitations.html?q=85,14-Mar-18,No Program Specified,"3,000",456
84,https://www.canada.ca/content/canadasite/en/immigration-refugees-citizenship/corporate/mandate/policies-operational-instructions-agreements/ministerial-instructions/express-entry-rounds/invitations.html?q=84,21-Feb-18,No Program Specified,"3,000",442
83,https://www.canada.ca/content/canadasite/en/immigration-refugees-citizenship/corporate/mandate/policies-operational-instructions-agreements/ministerial-instructions/express-entry-rounds/invitations.html?q=83,07-Feb-18,No Program Specified,"3,000",442
82,https://www.canada.ca/content/canadasite/en/immigration-refugees-citizenship/corporate/mandate/policies-operational-instructions-agreements/ministerial-instructions/express-entry-rounds/invitations.html?q=82,24-Jan-18,No Program Specified,"2,750",444
81,https://www.canada.ca/content/canadasite/en/immigration-refugees-citizenship/corporate/mandate/policies-operational-instructions-agreements/ministerial-instructions/express-entry-rounds/invitations.html?q=81,10-Jan-18,No Program Specified,"2,750",446
80,https://www.canada.ca/content/canadasite/en/immigration-refugees-citizenship/corporate/mandate/policies-operational-instructions-agreements/ministerial-instructions/express-entry-rounds/invitations.html?q=80,20-Dec-17,No Program Specified,"2,750",446
79,https://www.canada.ca/content/canadasite/en/immigration-refugees-citizenship/corporate/mandate/policies-operational-instructions-agreements/ministerial-instructions/express-entry-rounds/invitations.html?q=79,06-Dec-17,No Program Specified,"2,750",452
78,https://www.canada.ca/content/canadasite/en/immigration-refugees-citizenship/corporate/mandate/policies-operational-instructions-agreements/ministerial-instructions/express-entry-rounds/invitations.html?q=78,15-Nov-17,No Program Specified,"2,750",439
77,https://www.canada.ca/content/canadasite/en/immigration-refugees-citizenship/corporate/mandate/policies-operational-instructions-agreements/ministerial-instructions/express-entry-rounds/invitations.html?q=77,08-Nov-17,No Program Specified,"2,000",458
75,https://www.canada.ca/content/canadasite/en/immigration-refugees-citizenship/corporate/mandate/policies-operational-instructions-agreements/ministerial-instructions/express-entry-rounds/invitations.html?q=75,01-Nov-17,Provincial Nominee Program,290,673
76,https://www.canada.ca/content/canadasite/en/immigration-refugees-citizenship/corporate/mandate/policies-operational-instructions-agreements/ministerial-instructions/express-entry-rounds/invitations.html?q=76,01-Nov-17,Federal Skilled Trades,505,241
74,https://www.canada.ca/content/canadasite/en/immigration-refugees-citizenship/corporate/mandate/policies-operational-instructions-agreements/ministerial-instructions/express-entry-rounds/invitations.html?q=74,18-Oct-17,No Program Specified,"2,757",436
73,https://www.canada.ca/content/canadasite/en/immigration-refugees-citizenship/corporate/mandate/policies-operational-instructions-agreements/ministerial-instructions/express-entry-rounds/invitations.html?q=73,04-Oct-17,No Program Specified,"2,801",438
72,https://www.canada.ca/content/canadasite/en/immigration-refugees-citizenship/corporate/mandate/policies-operational-instructions-agreements/ministerial-instructions/express-entry-rounds/invitations.html?q=72,20-Sep-17,No Program Specified,"2,871",433
71,https://www.canada.ca/content/canadasite/en/immigration-refugees-citizenship/corporate/mandate/policies-operational-instructions-agreements/ministerial-instructions/express-entry-rounds/invitations.html?q=71,06-Sep-17,No Program Specified,"2,772",435
70,https://www.canada.ca/content/canadasite/en/immigration-refugees-citizenship/corporate/mandate/policies-operational-instructions-agreements/ministerial-instructions/express-entry-rounds/invitations.html?q=70,23-Aug-17,No Program Specified,"3,035",434
69,https://www.canada.ca/content/canadasite/en/immigration-refugees-citizenship/corporate/mandate/policies-operational-instructions-agreements/ministerial-instructions/express-entry-rounds/invitations.html?q=69,09-Aug-17,No Program Specified,"2,991",433
68,https://www.canada.ca/content/canadasite/en/immigration-refugees-citizenship/corporate/mandate/policies-operational-instructions-agreements/ministerial-instructions/express-entry-rounds/invitations.html?q=68,02-Aug-17,No Program Specified,"3,264",441
67,https://www.canada.ca/content/canadasite/en/immigration-refugees-citizenship/corporate/mandate/policies-operational-instructions-agreements/ministerial-instructions/express-entry-rounds/invitations.html?q=67,12-Jul-17,No Program Specified,"3,202",440
66,https://www.canada.ca/content/canadasite/en/immigration-refugees-citizenship/corporate/mandate/policies-operational-instructions-agreements/ministerial-instructions/express-entry-rounds/invitations.html?q=66,28-Jun-17,No Program Specified,"3,409",449
65,https://www.canada.ca/content/canadasite/en/immigration-refugees-citizenship/corporate/mandate/policies-operational-instructions-agreements/ministerial-instructions/express-entry-rounds/invitations.html?q=65,31-May-17,No Program Specified,"3,877",413
63,https://www.canada.ca/content/canadasite/en/immigration-refugees-citizenship/corporate/mandate/policies-operational-instructions-agreements/ministerial-instructions/express-entry-rounds/invitations.html?q=63,26-May-17,Provincial Nominee Program,143,775
64,https://www.canada.ca/content/canadasite/en/immigration-refugees-citizenship/corporate/mandate/policies-operational-instructions-agreements/ministerial-instructions/express-entry-rounds/invitations.html?q=64,26-May-17,Federal Skilled Trades,400,199
62,https://www.canada.ca/content/canadasite/en/immigration-refugees-citizenship/corporate/mandate/policies-operational-instructions-agreements/ministerial-instructions/express-entry-rounds/invitations.html?q=62,17-May-17,No Program Specified,"3,687",415
61,https://www.canada.ca/content/canadasite/en/immigration-refugees-citizenship/corporate/mandate/policies-operational-instructions-agreements/ministerial-instructions/express-entry-rounds/invitations.html?q=61,04-May-17,No Program Specified,"3,796",423
60,https://www.canada.ca/content/canadasite/en/immigration-refugees-citizenship/corporate/mandate/policies-operational-instructions-agreements/ministerial-instructions/express-entry-rounds/invitations.html?q=60,19-Apr-17,No Program Specified,"3,665",415
59,https://www.canada.ca/content/canadasite/en/immigration-refugees-citizenship/corporate/mandate/policies-operational-instructions-agreements/ministerial-instructions/express-entry-rounds/invitations.html?q=59,12-Apr-17,No Program Specified,"3,923",423
58,https://www.canada.ca/content/canadasite/en/immigration-refugees-citizenship/corporate/mandate/policies-operational-instructions-agreements/ministerial-instructions/express-entry-rounds/invitations.html?q=58,05-Apr-17,No Program Specified,"3,753",431
57,https://www.canada.ca/content/canadasite/en/immigration-refugees-citizenship/corporate/mandate/policies-operational-instructions-agreements/ministerial-instructions/express-entry-rounds/invitations.html?q=57,24-Mar-17,No Program Specified,"3,749",441
56,https://www.canada.ca/content/canadasite/en/immigration-refugees-citizenship/corporate/mandate/policies-operational-instructions-agreements/ministerial-instructions/express-entry-rounds/invitations.html?q=56,01-Mar-17,No Program Specified,"3,884",434
55,https://www.canada.ca/content/canadasite/en/immigration-refugees-citizenship/corporate/mandate/policies-operational-instructions-agreements/ministerial-instructions/express-entry-rounds/invitations.html?q=55,22-Feb-17,No Program Specified,"3,611",441
54,https://www.canada.ca/content/canadasite/en/immigration-refugees-citizenship/corporate/mandate/policies-operational-instructions-agreements/ministerial-instructions/express-entry-rounds/invitations.html?q=54,08-Feb-17,No Program Specified,"3,644",447
53,https://www.canada.ca/content/canadasite/en/immigration-refugees-citizenship/corporate/mandate/policies-operational-instructions-agreements/ministerial-instructions/express-entry-rounds/invitations.html?q=53,25-Jan-17,No Program Specified,"3,508",453
52,https://www.canada.ca/content/canadasite/en/immigration-refugees-citizenship/corporate/mandate/policies-operational-instructions-agreements/ministerial-instructions/express-entry-rounds/invitations.html?q=52,11-Jan-17,No Program Specified,"3,334",459
51,https://www.canada.ca/content/canadasite/en/immigration-refugees-citizenship/corporate/mandate/policies-operational-instructions-agreements/ministerial-instructions/express-entry-rounds/invitations.html?q=51,04-Jan-17,No Program Specified,"2,902",468
50,https://www.canada.ca/content/canadasite/en/immigration-refugees-citizenship/corporate/mandate/policies-operational-instructions-agreements/ministerial-instructions/express-entry-rounds/invitations.html?q=50,22-Dec-16,No Program Specified,"2,878",475
49,https://www.canada.ca/content/canadasite/en/immigration-refugees-citizenship/corporate/mandate/policies-operational-instructions-agreements/ministerial-instructions/express-entry-rounds/invitations.html?q=49,16-Dec-16,No Program Specified,"1,936",497
48,https://www.canada.ca/content/canadasite/en/immigration-refugees-citizenship/corporate/mandate/policies-operational-instructions-agreements/ministerial-instructions/express-entry-rounds/invitations.html?q=48,30-Nov-16,Provincial Nominee Program,559,786
47,https://www.canada.ca/content/canadasite/en/immigration-refugees-citizenship/corporate/mandate/policies-operational-instructions-agreements/ministerial-instructions/express-entry-rounds/invitations.html?q=47,16-Nov-16,No Program Specified,"2,427",470
46,https://www.canada.ca/content/canadasite/en/immigration-refugees-citizenship/corporate/mandate/policies-operational-instructions-agreements/ministerial-instructions/express-entry-rounds/invitations.html?q=46,02-Nov-16,No Program Specified,"2,080",472
45,https://www.canada.ca/content/canadasite/en/immigration-refugees-citizenship/corporate/mandate/policies-operational-instructions-agreements/ministerial-instructions/express-entry-rounds/invitations.html?q=45,19-Oct-16,No Program Specified,"1,804",475
44,https://www.canada.ca/content/canadasite/en/immigration-refugees-citizenship/corporate/mandate/policies-operational-instructions-agreements/ministerial-instructions/express-entry-rounds/invitations.html?q=44,12-Oct-16,No Program Specified,"1,518",484
43,https://www.canada.ca/content/canadasite/en/immigration-refugees-citizenship/corporate/mandate/policies-operational-instructions-agreements/ministerial-instructions/express-entry-rounds/invitations.html?q=43,21-Sep-16,No Program Specified,"1,288",483
42,https://www.canada.ca/content/canadasite/en/immigration-refugees-citizenship/corporate/mandate/policies-operational-instructions-agreements/ministerial-instructions/express-entry-rounds/invitations.html?q=42,07-Sep-16,No Program Specified,"1,000",491
41,https://www.canada.ca/content/canadasite/en/immigration-refugees-citizenship/corporate/mandate/policies-operational-instructions-agreements/ministerial-instructions/express-entry-rounds/invitations.html?q=41,24-Aug-16,No Program Specified,750,538
40,https://www.canada.ca/content/canadasite/en/immigration-refugees-citizenship/corporate/mandate/policies-operational-instructions-agreements/ministerial-instructions/express-entry-rounds/invitations.html?q=40,10-Aug-16,No Program Specified,754,490
39,https://www.canada.ca/content/canadasite/en/immigration-refugees-citizenship/corporate/mandate/policies-operational-instructions-agreements/ministerial-instructions/express-entry-rounds/invitations.html?q=39,27-Jul-16,No Program Specified,755,488
38,https://www.canada.ca/content/canadasite/en/immigration-refugees-citizenship/corporate/mandate/policies-operational-instructions-agreements/ministerial-instructions/express-entry-rounds/invitations.html?q=38,13-Jul-16,No Program Specified,747,482
37,https://www.canada.ca/content/canadasite/en/immigration-refugees-citizenship/corporate/mandate/policies-operational-instructions-agreements/ministerial-instructions/express-entry-rounds/invitations.html?q=37,29-Jun-16,No Program Specified,773,482
36,https://www.canada.ca/content/canadasite/en/immigration-refugees-citizenship/corporate/mandate/policies-operational-instructions-agreements/ministerial-instructions/express-entry-rounds/invitations.html?q=36,15-Jun-16,No Program Specified,752,488
35,https://www.canada.ca/content/canadasite/en/immigration-refugees-citizenship/corporate/mandate/policies-operational-instructions-agreements/ministerial-instructions/express-entry-rounds/invitations.html?q=35,01-Jun-16,No Program Specified,762,483
34,https://www.canada.ca/content/canadasite/en/immigration-refugees-citizenship/corporate/mandate/policies-operational-instructions-agreements/ministerial-instructions/express-entry-rounds/invitations.html?q=34,18-May-16,No Program Specified,763,484
33,https://www.canada.ca/content/canadasite/en/immigration-refugees-citizenship/corporate/mandate/policies-operational-instructions-agreements/ministerial-instructions/express-entry-rounds/invitations.html?q=33,06-May-16,No Program Specified,799,534
32,https://www.canada.ca/content/canadasite/en/immigration-refugees-citizenship/corporate/mandate/policies-operational-instructions-agreements/ministerial-instructions/express-entry-rounds/invitations.html?q=32,20-Apr-16,No Program Specified,"1,018",468
31,https://www.canada.ca/content/canadasite/en/immigration-refugees-citizenship/corporate/mandate/policies-operational-instructions-agreements/ministerial-instructions/express-entry-rounds/invitations.html?q=31,06-Apr-16,No Program Specified,954,470
30,https://www.canada.ca/content/canadasite/en/immigration-refugees-citizenship/corporate/mandate/policies-operational-instructions-agreements/ministerial-instructions/express-entry-rounds/invitations.html?q=30,23-Mar-16,No Program Specified,"1,014",470
29,https://www.canada.ca/content/canadasite/en/immigration-refugees-citizenship/corporate/mandate/policies-operational-instructions-agreements/ministerial-instructions/express-entry-rounds/invitations.html?q=29,09-Mar-16,No Program Specified,"1,013",473
28,https://www.canada.ca/content/canadasite/en/immigration-refugees-citizenship/corporate/mandate/policies-operational-instructions-agreements/ministerial-instructions/express-entry-rounds/invitations.html?q=28,24-Feb-16,No Program Specified,"1,484",453
27,https://www.canada.ca/content/canadasite/en/immigration-refugees-citizenship/corporate/mandate/policies-operational-instructions-agreements/ministerial-instructions/express-entry-rounds/invitations.html?q=27,10-Feb-16,No Program Specified,"1,505",459
26,https://www.canada.ca/content/canadasite/en/immigration-refugees-citizenship/corporate/mandate/policies-operational-instructions-agreements/ministerial-instructions/express-entry-rounds/invitations.html?q=26,27-Jan-16,No Program Specified,"1,468",457
25,https://www.canada.ca/content/canadasite/en/immigration-refugees-citizenship/corporate/mandate/policies-operational-instructions-agreements/ministerial-instructions/express-entry-rounds/invitations.html?q=25,13-Jan-16,No Program Specified,"1,518",453
24,https://www.canada.ca/content/canadasite/en/immigration-refugees-citizenship/corporate/mandate/policies-operational-instructions-agreements/ministerial-instructions/express-entry-rounds/invitations.html?q=24,06-Jan-16,No Program Specified,"1,463",461
23,https://www.canada.ca/content/canadasite/en/immigration-refugees-citizenship/corporate/mandate/policies-operational-instructions-agreements/ministerial-instructions/express-entry-rounds/invitations.html?q=23,18-Dec-15,No Program Specified,"1,503",460
22,https://www.canada.ca/content/canadasite/en/immigration-refugees-citizenship/corporate/mandate/policies-operational-instructions-agreements/ministerial-instructions/express-entry-rounds/invitations.html?q=22,04-Dec-15,No Program Specified,"1,451",461
21,https://www.canada.ca/content/canadasite/en/immigration-refugees-citizenship/corporate/mandate/policies-operational-instructions-agreements/ministerial-instructions/express-entry-rounds/invitations.html?q=21,27-Nov-15,No Program Specified,"1,559",472
20,https://www.canada.ca/content/canadasite/en/immigration-refugees-citizenship/corporate/mandate/policies-operational-instructions-agreements/ministerial-instructions/express-entry-rounds/invitations.html?q=20,13-Nov-15,No Program Specified,"1,506",484
19,https://www.canada.ca/content/canadasite/en/immigration-refugees-citizenship/corporate/mandate/policies-operational-instructions-agreements/ministerial-instructions/express-entry-rounds/invitations.html?q=19,23-Oct-15,No Program Specified,"1,502",489
18,https://www.canada.ca/content/canadasite/en/immigration-refugees-citizenship/corporate/mandate/policies-operational-instructions-agreements/ministerial-instructions/express-entry-rounds/invitations.html?q=18,02-Oct-15,No Program Specified,"1,530",450
17,https://www.canada.ca/content/canadasite/en/immigration-refugees-citizenship/corporate/mandate/policies-operational-instructions-agreements/ministerial-instructions/express-entry-rounds/invitations.html?q=17,18-Sep-15,No Program Specified,"1,545",450
16,https://www.canada.ca/content/canadasite/en/immigration-refugees-citizenship/corporate/mandate/policies-operational-instructions-agreements/ministerial-instructions/express-entry-rounds/invitations.html?q=16,08-Sep-15,No Program Specified,"1,517",459
15,https://www.canada.ca/content/canadasite/en/immigration-refugees-citizenship/corporate/mandate/policies-operational-instructions-agreements/ministerial-instructions/express-entry-rounds/invitations.html?q=15,21-Aug-15,No Program Specified,"1,523",456
14,https://www.canada.ca/content/canadasite/en/immigration-refugees-citizenship/corporate/mandate/policies-operational-instructions-agreements/ministerial-instructions/express-entry-rounds/invitations.html?q=14,07-Aug-15,No Program Specified,"1,402",471
13,https://www.canada.ca/content/canadasite/en/immigration-refugees-citizenship/corporate/mandate/policies-operational-instructions-agreements/ministerial-instructions/express-entry-rounds/invitations.html?q=13,17-Jul-15,No Program Specified,"1,581",451
12,https://www.canada.ca/content/canadasite/en/immigration-refugees-citizenship/corporate/mandate/policies-operational-instructions-agreements/ministerial-instructions/express-entry-rounds/invitations.html?q=12,10-Jul-15,No Program Specified,"1,516",463
11,https://www.canada.ca/content/canadasite/en/immigration-refugees-citizenship/corporate/mandate/policies-operational-instructions-agreements/ministerial-instructions/express-entry-rounds/invitations.html?q=11,26-Jun-15,No Program Specified,"1,575",469
10,https://www.canada.ca/content/canadasite/en/immigration-refugees-citizenship/corporate/mandate/policies-operational-instructions-agreements/ministerial-instructions/express-entry-rounds/invitations.html?q=10,12-Jun-15,No Program Specified,"1,501",482
9,https://www.canada.ca/content/canadasite/en/immigration-refugees-citizenship/corporate/mandate/policies-operational-instructions-agreements/ministerial-instructions/express-entry-rounds/invitations.html?q=9,22-May-15,No Program Specified,"1,361",755
8,https://www.canada.ca/content/canadasite/en/immigration-refugees-citizenship/corporate/mandate/policies-operational-instructions-agreements/ministerial-instructions/express-entry-rounds/invitations.html?q=8,17-Apr-15,No Program Specified,715,453
7,https://www.canada.ca/content/canadasite/en/immigration-refugees-citizenship/corporate/mandate/policies-operational-instructions-agreements/ministerial-instructions/express-entry-rounds/invitations.html?q=7,10-Apr-15,No Program Specified,925,469
6,https://www.canada.ca/content/canadasite/en/immigration-refugees-citizenship/corporate/mandate/policies-operational-instructions-agreements/ministerial-instructions/express-entry-rounds/invitations.html?q=6,27-Mar-15,No Program Specified,"1,637",453
5,https://www.canada.ca/content/canadasite/en/immigration-refugees-citizenship/corporate/mandate/policies-operational-instructions-agreements/ministerial-instructions/express-entry-rounds/invitations.html?q=5,20-Mar-15,No Program Specified,"1,620",481
4,https://www.canada.ca/content/canadasite/en/immigration-refugees-citizenship/corporate/mandate/policies-operational-instructions-agreements/ministerial-instructions/express-entry-rounds/invitations.html?q=4,27-Feb-15,No Program Specified,"1,187",735
3,https://www.canada.ca/content/canadasite/en/immigration-refugees-citizenship/corporate/mandate/policies-operational-instructions-agreements/ministerial-instructions/express-entry-rounds/invitations.html?q=3,20-Feb-15,Canadian Experience Class,849,808
2,https://www.canada.ca/content/canadasite/en/immigration-refugees-citizenship/corporate/mandate/policies-operational-instructions-agreements/ministerial-instructions/express-entry-rounds/invitations.html?q=2,07-Feb-15,No Program Specified,779,818
1,https://www.canada.ca/content/canadasite/en/immigration-refugees-citizenship/corporate/mandate/policies-operational-instructions-agreements/ministerial-instructions/express-entry-rounds/invitations.html?q=1,31-Jan-15,No Program Specified,779,886